,idx7,libprimer7
0,lib7_TCGACGTA,ATCTCGTATGCCGTCTTCTGCTTGTCGACGTAGTCTCGTGGGCTCGGAGTGGGATTCCGCATGCTAGC
1,lib7_ACCTAGAC,ATCTCGTATGCCGTCTTCTGCTTGACCTAGACGTCTCGTGGGCTCGGAGTGGGATTCCGCATGCTAGC
2,lib7_CAGTCGAT,ATCTCGTATGCCGTCTTCTGCTTGCAGTCGATGTCTCGTGGGCTCGGAGTGGGATTCCGCATGCTAGC
3,lib7_TTGAGAGC,ATCTCGTATGCCGTCTTCTGCTTGTTGAGAGCGTCTCGTGGGCTCGGAGTGGGATTCCGCATGCTAGC
4,lib7_GTACCTCA,ATCTCGTATGCCGTCTTCTGCTTGGTACCTCAGTCTCGTGGGCTCGGAGTGGGATTCCGCATGCTAGC
5,lib7_GCTAGTCA,ATCTCGTATGCCGTCTTCTGCTTGGCTAGTCAGTCTCGTGGGCTCGGAGTGGGATTCCGCATGCTAGC
6,lib7_CGAAGCTT,ATCTCGTATGCCGTCTTCTGCTTGCGAAGCTTGTCTCGTGGGCTCGGAGTGGGATTCCGCATGCTAGC
7,lib7_ATGAGCCA,ATCTCGTATGCCGTCTTCTGCTTGATGAGCCAGTCTCGTGGGCTCGGAGTGGGATTCCGCATGCTAGC
8,lib7_AGTTGGCT,ATCTCGTATGCCGTCTTCTGCTTGAGTTGGCTGTCTCGTGGGCTCGGAGTGGGATTCCGCATGCTAGC
9,lib7_ATCACCTG,ATCTCGTATGCCGTCTTCTGCTTGATCACCTGGTCTCGTGGGCTCGGAGTGGGATTCCGCATGCTAGC
10,lib7_TGCGACAT,ATCTCGTATGCCGTCTTCTGCTTGTGCGACATGTCTCGTGGGCTCGGAGTGGGATTCCGCATGCTAGC
11,lib7_TCGGAGAT,ATCTCGTATGCCGTCTTCTGCTTGTCGGAGATGTCTCGTGGGCTCGGAGTGGGATTCCGCATGCTAGC
