,0
RT_CTCTTGGT,CTACACGACGCTCTTCCGATCTCTCTTGGTNNNNNNNNNNCCCTCCGCGCACTTTTTTTTTTTTTTTTTTTTTTTTTTTTTTVN
RT_TCCAGAAC,CTACACGACGCTCTTCCGATCTTCCAGAACNNNNNNNNNNCCCTCCGCGCACTTTTTTTTTTTTTTTTTTTTTTTTTTTTTTVN
RT_CTGGTGAA,CTACACGACGCTCTTCCGATCTCTGGTGAANNNNNNNNNNCCCTCCGCGCACTTTTTTTTTTTTTTTTTTTTTTTTTTTTTTVN
RT_TTCGGCAA,CTACACGACGCTCTTCCGATCTTTCGGCAANNNNNNNNNNCCCTCCGCGCACTTTTTTTTTTTTTTTTTTTTTTTTTTTTTTVN
RT_GTGCTCAA,CTACACGACGCTCTTCCGATCTGTGCTCAANNNNNNNNNNCCCTCCGCGCACTTTTTTTTTTTTTTTTTTTTTTTTTTTTTTVN
RT_GGCGATAA,CTACACGACGCTCTTCCGATCTGGCGATAANNNNNNNNNNCCCTCCGCGCACTTTTTTTTTTTTTTTTTTTTTTTTTTTTTTVN
RT_AGGCTAGA,CTACACGACGCTCTTCCGATCTAGGCTAGANNNNNNNNNNCCCTCCGCGCACTTTTTTTTTTTTTTTTTTTTTTTTTTTTTTVN
RT_TTGTCGGA,CTACACGACGCTCTTCCGATCTTTGTCGGANNNNNNNNNNCCCTCCGCGCACTTTTTTTTTTTTTTTTTTTTTTTTTTTTTTVN
RT_TCTCCACA,CTACACGACGCTCTTCCGATCTTCTCCACANNNNNNNNNNCCCTCCGCGCACTTTTTTTTTTTTTTTTTTTTTTTTTTTTTTVN
RT_GCGGTATA,CTACACGACGCTCTTCCGATCTGCGGTATANNNNNNNNNNCCCTCCGCGCACTTTTTTTTTTTTTTTTTTTTTTTTTTTTTTVN
RT_CAATTCGG,CTACACGACGCTCTTCCGATCTCAATTCGGNNNNNNNNNNCCCTCCGCGCACTTTTTTTTTTTTTTTTTTTTTTTTTTTTTTVN
RT_AAGATGCG,CTACACGACGCTCTTCCGATCTAAGATGCGNNNNNNNNNNCCCTCCGCGCACTTTTTTTTTTTTTTTTTTTTTTTTTTTTTTVN
RT_GATAACCG,CTACACGACGCTCTTCCGATCTGATAACCGNNNNNNNNNNCCCTCCGCGCACTTTTTTTTTTTTTTTTTTTTTTTTTTTTTTVN
RT_GAATGCTG,CTACACGACGCTCTTCCGATCTGAATGCTGNNNNNNNNNNCCCTCCGCGCACTTTTTTTTTTTTTTTTTTTTTTTTTTTTTTVN
RT_CGATGTTG,CTACACGACGCTCTTCCGATCTCGATGTTGNNNNNNNNNNCCCTCCGCGCACTTTTTTTTTTTTTTTTTTTTTTTTTTTTTTVN
RT_GCTTGTTG,CTACACGACGCTCTTCCGATCTGCTTGTTGNNNNNNNNNNCCCTCCGCGCACTTTTTTTTTTTTTTTTTTTTTTTTTTTTTTVN
RT_ATCGTAGC,CTACACGACGCTCTTCCGATCTATCGTAGCNNNNNNNNNNCCCTCCGCGCACTTTTTTTTTTTTTTTTTTTTTTTTTTTTTTVN
RT_CACTATGC,CTACACGACGCTCTTCCGATCTCACTATGCNNNNNNNNNNCCCTCCGCGCACTTTTTTTTTTTTTTTTTTTTTTTTTTTTTTVN
RT_TAGGATCC,CTACACGACGCTCTTCCGATCTTAGGATCCNNNNNNNNNNCCCTCCGCGCACTTTTTTTTTTTTTTTTTTTTTTTTTTTTTTVN
RT_TTGTGTCC,CTACACGACGCTCTTCCGATCTTTGTGTCCNNNNNNNNNNCCCTCCGCGCACTTTTTTTTTTTTTTTTTTTTTTTTTTTTTTVN
RT_TTGCCAGT,CTACACGACGCTCTTCCGATCTTTGCCAGTNNNNNNNNNNCCCTCCGCGCACTTTTTTTTTTTTTTTTTTTTTTTTTTTTTTVN
RT_GTTCCACT,CTACACGACGCTCTTCCGATCTGTTCCACTNNNNNNNNNNCCCTCCGCGCACTTTTTTTTTTTTTTTTTTTTTTTTTTTTTTVN
RT_CCTCATCT,CTACACGACGCTCTTCCGATCTCCTCATCTNNNNNNNNNNCCCTCCGCGCACTTTTTTTTTTTTTTTTTTTTTTTTTTTTTTVN
RT_AGAGGTCT,CTACACGACGCTCTTCCGATCTAGAGGTCTNNNNNNNNNNCCCTCCGCGCACTTTTTTTTTTTTTTTTTTTTTTTTTTTTTTVN
