,0
TSO_CTCTTGGT,CTACACGACGCTCTTCCGATCTCTCTTGGTNNNNNNNNNNTTTCTTATATrGrGrG
TSO_AATGCCAC,CTACACGACGCTCTTCCGATCTAATGCCACNNNNNNNNNNTTTCTTATATrGrGrG
TSO_TCCAGAAC,CTACACGACGCTCTTCCGATCTTCCAGAACNNNNNNNNNNTTTCTTATATrGrGrG
TSO_GCAGAGAA,CTACACGACGCTCTTCCGATCTGCAGAGAANNNNNNNNNNTTTCTTATATrGrGrG
TSO_GGTCAGAA,CTACACGACGCTCTTCCGATCTGGTCAGAANNNNNNNNNNTTTCTTATATrGrGrG
TSO_CCAAGGAA,CTACACGACGCTCTTCCGATCTCCAAGGAANNNNNNNNNNTTTCTTATATrGrGrG
TSO_GTGAGGAA,CTACACGACGCTCTTCCGATCTGTGAGGAANNNNNNNNNNTTTCTTATATrGrGrG
TSO_GAACGGAA,CTACACGACGCTCTTCCGATCTGAACGGAANNNNNNNNNNTTTCTTATATrGrGrG
TSO_CAGTGGAA,CTACACGACGCTCTTCCGATCTCAGTGGAANNNNNNNNNNTTTCTTATATrGrGrG
TSO_TGCTGGAA,CTACACGACGCTCTTCCGATCTTGCTGGAANNNNNNNNNNTTTCTTATATrGrGrG
TSO_TAGGCGAA,CTACACGACGCTCTTCCGATCTTAGGCGAANNNNNNNNNNTTTCTTATATrGrGrG
TSO_GTTGCGAA,CTACACGACGCTCTTCCGATCTGTTGCGAANNNNNNNNNNTTTCTTATATrGrGrG
TSO_TGACCGAA,CTACACGACGCTCTTCCGATCTTGACCGAANNNNNNNNNNTTTCTTATATrGrGrG
TSO_CCTTCGAA,CTACACGACGCTCTTCCGATCTCCTTCGAANNNNNNNNNNTTTCTTATATrGrGrG
TSO_CTGGTGAA,CTACACGACGCTCTTCCGATCTCTGGTGAANNNNNNNNNNTTTCTTATATrGrGrG
TSO_AGCGTGAA,CTACACGACGCTCTTCCGATCTAGCGTGAANNNNNNNNNNTTTCTTATATrGrGrG
TSO_GCGAACAA,CTACACGACGCTCTTCCGATCTGCGAACAANNNNNNNNNNTTTCTTATATrGrGrG
TSO_CAGGACAA,CTACACGACGCTCTTCCGATCTCAGGACAANNNNNNNNNNTTTCTTATATrGrGrG
TSO_CCACACAA,CTACACGACGCTCTTCCGATCTCCACACAANNNNNNNNNNTTTCTTATATrGrGrG
TSO_TGGCACAA,CTACACGACGCTCTTCCGATCTTGGCACAANNNNNNNNNNTTTCTTATATrGrGrG
TSO_GACCACAA,CTACACGACGCTCTTCCGATCTGACCACAANNNNNNNNNNTTTCTTATATrGrGrG
TSO_CGCTACAA,CTACACGACGCTCTTCCGATCTCGCTACAANNNNNNNNNNTTTCTTATATrGrGrG
TSO_AGCAGCAA,CTACACGACGCTCTTCCGATCTAGCAGCAANNNNNNNNNNTTTCTTATATrGrGrG
TSO_TTCGGCAA,CTACACGACGCTCTTCCGATCTTTCGGCAANNNNNNNNNNTTTCTTATATrGrGrG
TSO_GATGGCAA,CTACACGACGCTCTTCCGATCTGATGGCAANNNNNNNNNNTTTCTTATATrGrGrG
TSO_GGTACCAA,CTACACGACGCTCTTCCGATCTGGTACCAANNNNNNNNNNTTTCTTATATrGrGrG
TSO_TCAGCCAA,CTACACGACGCTCTTCCGATCTTCAGCCAANNNNNNNNNNTTTCTTATATrGrGrG
TSO_CTGTCCAA,CTACACGACGCTCTTCCGATCTCTGTCCAANNNNNNNNNNTTTCTTATATrGrGrG
TSO_GGAGTCAA,CTACACGACGCTCTTCCGATCTGGAGTCAANNNNNNNNNNTTTCTTATATrGrGrG
TSO_GTGCTCAA,CTACACGACGCTCTTCCGATCTGTGCTCAANNNNNNNNNNTTTCTTATATrGrGrG
TSO_GGCGATAA,CTACACGACGCTCTTCCGATCTGGCGATAANNNNNNNNNNTTTCTTATATrGrGrG
TSO_CGAGGTAA,CTACACGACGCTCTTCCGATCTCGAGGTAANNNNNNNNNNTTTCTTATATrGrGrG
TSO_TCGCGTAA,CTACACGACGCTCTTCCGATCTTCGCGTAANNNNNNNNNNTTTCTTATATrGrGrG
TSO_GCCTGTAA,CTACACGACGCTCTTCCGATCTGCCTGTAANNNNNNNNNNTTTCTTATATrGrGrG
TSO_GAGCCTAA,CTACACGACGCTCTTCCGATCTGAGCCTAANNNNNNNNNNTTTCTTATATrGrGrG
TSO_CGGCTTAA,CTACACGACGCTCTTCCGATCTCGGCTTAANNNNNNNNNNTTTCTTATATrGrGrG
TSO_AGAGGAGA,CTACACGACGCTCTTCCGATCTAGAGGAGANNNNNNNNNNTTTCTTATATrGrGrG
TSO_AACCGAGA,CTACACGACGCTCTTCCGATCTAACCGAGANNNNNNNNNNTTTCTTATATrGrGrG
TSO_TCGTGAGA,CTACACGACGCTCTTCCGATCTTCGTGAGANNNNNNNNNNTTTCTTATATrGrGrG
TSO_CAAGCAGA,CTACACGACGCTCTTCCGATCTCAAGCAGANNNNNNNNNNTTTCTTATATrGrGrG
TSO_GACGTAGA,CTACACGACGCTCTTCCGATCTGACGTAGANNNNNNNNNNTTTCTTATATrGrGrG
TSO_AGGCTAGA,CTACACGACGCTCTTCCGATCTAGGCTAGANNNNNNNNNNTTTCTTATATrGrGrG
TSO_GGATAGGA,CTACACGACGCTCTTCCGATCTGGATAGGANNNNNNNNNNTTTCTTATATrGrGrG
TSO_ATAGCGGA,CTACACGACGCTCTTCCGATCTATAGCGGANNNNNNNNNNTTTCTTATATrGrGrG
TSO_TATCCGGA,CTACACGACGCTCTTCCGATCTTATCCGGANNNNNNNNNNTTTCTTATATrGrGrG
TSO_TTGTCGGA,CTACACGACGCTCTTCCGATCTTTGTCGGANNNNNNNNNNTTTCTTATATrGrGrG
TSO_CGTATGGA,CTACACGACGCTCTTCCGATCTCGTATGGANNNNNNNNNNTTTCTTATATrGrGrG
TSO_GCAATCGA,CTACACGACGCTCTTCCGATCTGCAATCGANNNNNNNNNNTTTCTTATATrGrGrG
TSO_TTCCTCGA,CTACACGACGCTCTTCCGATCTTTCCTCGANNNNNNNNNNTTTCTTATATrGrGrG
TSO_TGGTTCGA,CTACACGACGCTCTTCCGATCTTGGTTCGANNNNNNNNNNTTTCTTATATrGrGrG
TSO_GCTACTGA,CTACACGACGCTCTTCCGATCTGCTACTGANNNNNNNNNNTTTCTTATATrGrGrG
TSO_CCGATTGA,CTACACGACGCTCTTCCGATCTCCGATTGANNNNNNNNNNTTTCTTATATrGrGrG
TSO_GGCATTGA,CTACACGACGCTCTTCCGATCTGGCATTGANNNNNNNNNNTTTCTTATATrGrGrG
TSO_AGTCGACA,CTACACGACGCTCTTCCGATCTAGTCGACANNNNNNNNNNTTTCTTATATrGrGrG
TSO_GTGTGACA,CTACACGACGCTCTTCCGATCTGTGTGACANNNNNNNNNNTTTCTTATATrGrGrG
TSO_TCTCCACA,CTACACGACGCTCTTCCGATCTTCTCCACANNNNNNNNNNTTTCTTATATrGrGrG
TSO_TGAGAGCA,CTACACGACGCTCTTCCGATCTTGAGAGCANNNNNNNNNNTTTCTTATATrGrGrG
TSO_GTACAGCA,CTACACGACGCTCTTCCGATCTGTACAGCANNNNNNNNNNTTTCTTATATrGrGrG
TSO_AGGTTGCA,CTACACGACGCTCTTCCGATCTAGGTTGCANNNNNNNNNNTTTCTTATATrGrGrG
TSO_GTCTTGCA,CTACACGACGCTCTTCCGATCTGTCTTGCANNNNNNNNNNTTTCTTATATrGrGrG
TSO_ATGGACCA,CTACACGACGCTCTTCCGATCTATGGACCANNNNNNNNNNTTTCTTATATrGrGrG
TSO_CGAATCCA,CTACACGACGCTCTTCCGATCTCGAATCCANNNNNNNNNNTTTCTTATATrGrGrG
TSO_CTCGATCA,CTACACGACGCTCTTCCGATCTCTCGATCANNNNNNNNNNTTTCTTATATrGrGrG
TSO_CCTAGTCA,CTACACGACGCTCTTCCGATCTCCTAGTCANNNNNNNNNNTTTCTTATATrGrGrG
TSO_CAGACTCA,CTACACGACGCTCTTCCGATCTCAGACTCANNNNNNNNNNTTTCTTATATrGrGrG
TSO_TCCGTTCA,CTACACGACGCTCTTCCGATCTTCCGTTCANNNNNNNNNNTTTCTTATATrGrGrG
TSO_CCGCAATA,CTACACGACGCTCTTCCGATCTCCGCAATANNNNNNNNNNTTTCTTATATrGrGrG
TSO_CCTGGATA,CTACACGACGCTCTTCCGATCTCCTGGATANNNNNNNNNNTTTCTTATATrGrGrG
TSO_GCGGTATA,CTACACGACGCTCTTCCGATCTGCGGTATANNNNNNNNNNTTTCTTATATrGrGrG
TSO_GGTTGGTA,CTACACGACGCTCTTCCGATCTGGTTGGTANNNNNNNNNNTTTCTTATATrGrGrG
TSO_CTACCGTA,CTACACGACGCTCTTCCGATCTCTACCGTANNNNNNNNNNTTTCTTATATrGrGrG
TSO_TCGGACTA,CTACACGACGCTCTTCCGATCTTCGGACTANNNNNNNNNNTTTCTTATATrGrGrG
TSO_GGACACTA,CTACACGACGCTCTTCCGATCTGGACACTANNNNNNNNNNTTTCTTATATrGrGrG
TSO_TGTGGCTA,CTACACGACGCTCTTCCGATCTTGTGGCTANNNNNNNNNNTTTCTTATATrGrGrG
TSO_CTTCGCTA,CTACACGACGCTCTTCCGATCTCTTCGCTANNNNNNNNNNTTTCTTATATrGrGrG
TSO_TCCACCTA,CTACACGACGCTCTTCCGATCTTCCACCTANNNNNNNNNNTTTCTTATATrGrGrG
TSO_CACTCCTA,CTACACGACGCTCTTCCGATCTCACTCCTANNNNNNNNNNTTTCTTATATrGrGrG
TSO_CCGTGTTA,CTACACGACGCTCTTCCGATCTCCGTGTTANNNNNNNNNNTTTCTTATATrGrGrG
TSO_GGTCCTTA,CTACACGACGCTCTTCCGATCTGGTCCTTANNNNNNNNNNTTTCTTATATrGrGrG
TSO_TCTAGGAG,CTACACGACGCTCTTCCGATCTTCTAGGAGNNNNNNNNNNTTTCTTATATrGrGrG
TSO_TGCAACAG,CTACACGACGCTCTTCCGATCTTGCAACAGNNNNNNNNNNTTTCTTATATrGrGrG
TSO_TGTCTCAG,CTACACGACGCTCTTCCGATCTTGTCTCAGNNNNNNNNNNTTTCTTATATrGrGrG
TSO_GCTCATAG,CTACACGACGCTCTTCCGATCTGCTCATAGNNNNNNNNNNTTTCTTATATrGrGrG
TSO_AATGGAGG,CTACACGACGCTCTTCCGATCTAATGGAGGNNNNNNNNNNTTTCTTATATrGrGrG
TSO_TAACGAGG,CTACACGACGCTCTTCCGATCTTAACGAGGNNNNNNNNNNTTTCTTATATrGrGrG
TSO_CATACAGG,CTACACGACGCTCTTCCGATCTCATACAGGNNNNNNNNNNTTTCTTATATrGrGrG
TSO_AAGTCAGG,CTACACGACGCTCTTCCGATCTAAGTCAGGNNNNNNNNNNTTTCTTATATrGrGrG
TSO_TAGGTAGG,CTACACGACGCTCTTCCGATCTTAGGTAGGNNNNNNNNNNTTTCTTATATrGrGrG
TSO_AGCTTAGG,CTACACGACGCTCTTCCGATCTAGCTTAGGNNNNNNNNNNTTTCTTATATrGrGrG
TSO_AACAACGG,CTACACGACGCTCTTCCGATCTAACAACGGNNNNNNNNNNTTTCTTATATrGrGrG
TSO_CTTAACGG,CTACACGACGCTCTTCCGATCTCTTAACGGNNNNNNNNNNTTTCTTATATrGrGrG
TSO_TGTTACGG,CTACACGACGCTCTTCCGATCTTGTTACGGNNNNNNNNNNTTTCTTATATrGrGrG
TSO_CAATTCGG,CTACACGACGCTCTTCCGATCTCAATTCGGNNNNNNNNNNTTTCTTATATrGrGrG
TSO_GAGAATGG,CTACACGACGCTCTTCCGATCTGAGAATGGNNNNNNNNNNTTTCTTATATrGrGrG
TSO_TTGGATGG,CTACACGACGCTCTTCCGATCTTTGGATGGNNNNNNNNNNTTTCTTATATrGrGrG
TSO_TGAAGTGG,CTACACGACGCTCTTCCGATCTTGAAGTGGNNNNNNNNNNTTTCTTATATrGrGrG
TSO_GTTAGTGG,CTACACGACGCTCTTCCGATCTGTTAGTGGNNNNNNNNNNTTTCTTATATrGrGrG
TSO_ATGTGTGG,CTACACGACGCTCTTCCGATCTATGTGTGGNNNNNNNNNNTTTCTTATATrGrGrG
TSO_TACTGTGG,CTACACGACGCTCTTCCGATCTTACTGTGGNNNNNNNNNNTTTCTTATATrGrGrG
TSO_AGTTCTGG,CTACACGACGCTCTTCCGATCTAGTTCTGGNNNNNNNNNNTTTCTTATATrGrGrG
TSO_TCCATTGG,CTACACGACGCTCTTCCGATCTTCCATTGGNNNNNNNNNNTTTCTTATATrGrGrG
TSO_AACGTTGG,CTACACGACGCTCTTCCGATCTAACGTTGGNNNNNNNNNNTTTCTTATATrGrGrG
TSO_AGAACACG,CTACACGACGCTCTTCCGATCTAGAACACGNNNNNNNNNNTTTCTTATATrGrGrG
TSO_TTAGCACG,CTACACGACGCTCTTCCGATCTTTAGCACGNNNNNNNNNNTTTCTTATATrGrGrG
TSO_CATGTACG,CTACACGACGCTCTTCCGATCTCATGTACGNNNNNNNNNNTTTCTTATATrGrGrG
TSO_AAGATGCG,CTACACGACGCTCTTCCGATCTAAGATGCGNNNNNNNNNNTTTCTTATATrGrGrG
TSO_GATAACCG,CTACACGACGCTCTTCCGATCTGATAACCGNNNNNNNNNNTTTCTTATATrGrGrG
TSO_AACTTCCG,CTACACGACGCTCTTCCGATCTAACTTCCGNNNNNNNNNNTTTCTTATATrGrGrG
TSO_AGTGATCG,CTACACGACGCTCTTCCGATCTAGTGATCGNNNNNNNNNNTTTCTTATATrGrGrG
TSO_TGCCTATG,CTACACGACGCTCTTCCGATCTTGCCTATGNNNNNNNNNNTTTCTTATATrGrGrG
TSO_AGGAACTG,CTACACGACGCTCTTCCGATCTAGGAACTGNNNNNNNNNNTTTCTTATATrGrGrG
TSO_TTACGCTG,CTACACGACGCTCTTCCGATCTTTACGCTGNNNNNNNNNNTTTCTTATATrGrGrG
TSO_GAATGCTG,CTACACGACGCTCTTCCGATCTGAATGCTGNNNNNNNNNNTTTCTTATATrGrGrG
TSO_TAAGCCTG,CTACACGACGCTCTTCCGATCTTAAGCCTGNNNNNNNNNNTTTCTTATATrGrGrG
TSO_TTCTCCTG,CTACACGACGCTCTTCCGATCTTTCTCCTGNNNNNNNNNNTTTCTTATATrGrGrG
TSO_CGATGTTG,CTACACGACGCTCTTCCGATCTCGATGTTGNNNNNNNNNNTTTCTTATATrGrGrG
TSO_GCTTGTTG,CTACACGACGCTCTTCCGATCTGCTTGTTGNNNNNNNNNNTTTCTTATATrGrGrG
TSO_TACGACAC,CTACACGACGCTCTTCCGATCTTACGACACNNNNNNNNNNTTTCTTATATrGrGrG
TSO_GAGTTCAC,CTACACGACGCTCTTCCGATCTGAGTTCACNNNNNNNNNNTTTCTTATATrGrGrG
TSO_ATCGTAGC,CTACACGACGCTCTTCCGATCTATCGTAGCNNNNNNNNNNTTTCTTATATrGrGrG
TSO_CAGTTAGC,CTACACGACGCTCTTCCGATCTCAGTTAGCNNNNNNNNNNTTTCTTATATrGrGrG
TSO_ATACTCGC,CTACACGACGCTCTTCCGATCTATACTCGCNNNNNNNNNNTTTCTTATATrGrGrG
TSO_CACTATGC,CTACACGACGCTCTTCCGATCTCACTATGCNNNNNNNNNNTTTCTTATATrGrGrG
TSO_GGTTATGC,CTACACGACGCTCTTCCGATCTGGTTATGCNNNNNNNNNNTTTCTTATATrGrGrG
TSO_CTAAGTGC,CTACACGACGCTCTTCCGATCTCTAAGTGCNNNNNNNNNNTTTCTTATATrGrGrG
TSO_AGTAGTGC,CTACACGACGCTCTTCCGATCTAGTAGTGCNNNNNNNNNNTTTCTTATATrGrGrG
TSO_TATGGTGC,CTACACGACGCTCTTCCGATCTTATGGTGCNNNNNNNNNNTTTCTTATATrGrGrG
TSO_CTAACACC,CTACACGACGCTCTTCCGATCTCTAACACCNNNNNNNNNNTTTCTTATATrGrGrG
TSO_AGCATACC,CTACACGACGCTCTTCCGATCTAGCATACCNNNNNNNNNNTTTCTTATATrGrGrG
TSO_CTCTTACC,CTACACGACGCTCTTCCGATCTCTCTTACCNNNNNNNNNNTTTCTTATATrGrGrG
TSO_TGATTGCC,CTACACGACGCTCTTCCGATCTTGATTGCCNNNNNNNNNNTTTCTTATATrGrGrG
TSO_TAGGATCC,CTACACGACGCTCTTCCGATCTTAGGATCCNNNNNNNNNNTTTCTTATATrGrGrG
TSO_GTTGATCC,CTACACGACGCTCTTCCGATCTGTTGATCCNNNNNNNNNNTTTCTTATATrGrGrG
TSO_TTGTGTCC,CTACACGACGCTCTTCCGATCTTTGTGTCCNNNNNNNNNNTTTCTTATATrGrGrG
TSO_GCTATTCC,CTACACGACGCTCTTCCGATCTGCTATTCCNNNNNNNNNNTTTCTTATATrGrGrG
TSO_GTAAGGTC,CTACACGACGCTCTTCCGATCTGTAAGGTCNNNNNNNNNNTTTCTTATATrGrGrG
TSO_TCATCGTC,CTACACGACGCTCTTCCGATCTTCATCGTCNNNNNNNNNNTTTCTTATATrGrGrG
TSO_AACAGCTC,CTACACGACGCTCTTCCGATCTAACAGCTCNNNNNNNNNNTTTCTTATATrGrGrG
TSO_ATTGGCTC,CTACACGACGCTCTTCCGATCTATTGGCTCNNNNNNNNNNTTTCTTATATrGrGrG
TSO_TGAACCTC,CTACACGACGCTCTTCCGATCTTGAACCTCNNNNNNNNNNTTTCTTATATrGrGrG
TSO_CCATTCTC,CTACACGACGCTCTTCCGATCTCCATTCTCNNNNNNNNNNTTTCTTATATrGrGrG
TSO_CGTACTTC,CTACACGACGCTCTTCCGATCTCGTACTTCNNNNNNNNNNTTTCTTATATrGrGrG
TSO_TTGCCAGT,CTACACGACGCTCTTCCGATCTTTGCCAGTNNNNNNNNNNTTTCTTATATrGrGrG
TSO_TTGAGCGT,CTACACGACGCTCTTCCGATCTTTGAGCGTNNNNNNNNNNTTTCTTATATrGrGrG
TSO_GGAGATGT,CTACACGACGCTCTTCCGATCTGGAGATGTNNNNNNNNNNTTTCTTATATrGrGrG
TSO_GACAGTGT,CTACACGACGCTCTTCCGATCTGACAGTGTNNNNNNNNNNTTTCTTATATrGrGrG
TSO_CAAGGTGT,CTACACGACGCTCTTCCGATCTCAAGGTGTNNNNNNNNNNTTTCTTATATrGrGrG
TSO_CCAACTGT,CTACACGACGCTCTTCCGATCTCCAACTGTNNNNNNNNNNTTTCTTATATrGrGrG
TSO_CAGTCTGT,CTACACGACGCTCTTCCGATCTCAGTCTGTNNNNNNNNNNTTTCTTATATrGrGrG
TSO_TCGGTTGT,CTACACGACGCTCTTCCGATCTTCGGTTGTNNNNNNNNNNTTTCTTATATrGrGrG
TSO_GTTCCACT,CTACACGACGCTCTTCCGATCTGTTCCACTNNNNNNNNNNTTTCTTATATrGrGrG
TSO_TGCGATCT,CTACACGACGCTCTTCCGATCTTGCGATCTNNNNNNNNNNTTTCTTATATrGrGrG
TSO_CCTCATCT,CTACACGACGCTCTTCCGATCTCCTCATCTNNNNNNNNNNTTTCTTATATrGrGrG
TSO_AGAGGTCT,CTACACGACGCTCTTCCGATCTAGAGGTCTNNNNNNNNNNTTTCTTATATrGrGrG
TSO_GGTGTTCT,CTACACGACGCTCTTCCGATCTGGTGTTCTNNNNNNNNNNTTTCTTATATrGrGrG
TSO_GACCTTCT,CTACACGACGCTCTTCCGATCTGACCTTCTNNNNNNNNNNTTTCTTATATrGrGrG
TSO_CACCACTT,CTACACGACGCTCTTCCGATCTCACCACTTNNNNNNNNNNTTTCTTATATrGrGrG
TSO_GGAAGCTT,CTACACGACGCTCTTCCGATCTGGAAGCTTNNNNNNNNNNTTTCTTATATrGrGrG
TSO_TAGCGCTT,CTACACGACGCTCTTCCGATCTTAGCGCTTNNNNNNNNNNTTTCTTATATrGrGrG
TSO_CATGCCTT,CTACACGACGCTCTTCCGATCTCATGCCTTNNNNNNNNNNTTTCTTATATrGrGrG
TSO_AGCCTCTT,CTACACGACGCTCTTCCGATCTAGCCTCTTNNNNNNNNNNTTTCTTATATrGrGrG