,idx7,idx5,libprimer7,libprimer5
0,CACTTCGA,CACTTCGA,ATCTCGTATGCCGTCTTCTGCTTGCACTTCGAGTTTTGTGGGTTTGGAGATGTGTATAAGAGATAG,AATGATACGGCGACCACCGAGATCTACACCACTTCGATTGTTGGTAGTGTTAGATGTGTATAAGAGATAG
1,TTGTCGAC,GTGGCTAA,ATCTCGTATGCCGTCTTCTGCTTGTTGTCGACGTTTTGTGGGTTTGGAGATGTGTATAAGAGATAG,AATGATACGGCGACCACCGAGATCTACACGTGGCTAATTGTTGGTAGTGTTAGATGTGTATAAGAGATAG
2,GACGTTAG,TATAGGGC,ATCTCGTATGCCGTCTTCTGCTTGGACGTTAGGTTTTGTGGGTTTGGAGATGTGTATAAGAGATAG,AATGATACGGCGACCACCGAGATCTACACTATAGGGCTTGTTGGTAGTGTTAGATGTGTATAAGAGATAG
3,ACCCTTTC,GACCTGAT,ATCTCGTATGCCGTCTTCTGCTTGACCCTTTCGTTTTGTGGGTTTGGAGATGTGTATAAGAGATAG,AATGATACGGCGACCACCGAGATCTACACGACCTGATTTGTTGGTAGTGTTAGATGTGTATAAGAGATAG
4,CAGGAGAT,ACAACGCA,ATCTCGTATGCCGTCTTCTGCTTGCAGGAGATGTTTTGTGGGTTTGGAGATGTGTATAAGAGATAG,AATGATACGGCGACCACCGAGATCTACACACAACGCATTGTTGGTAGTGTTAGATGTGTATAAGAGATAG
5,GACTGGTT,AGACAACG,ATCTCGTATGCCGTCTTCTGCTTGGACTGGTTGTTTTGTGGGTTTGGAGATGTGTATAAGAGATAG,AATGATACGGCGACCACCGAGATCTACACAGACAACGTTGTTGGTAGTGTTAGATGTGTATAAGAGATAG
6,CTTCCCAA,CGGTAAGT,ATCTCGTATGCCGTCTTCTGCTTGCTTCCCAAGTTTTGTGGGTTTGGAGATGTGTATAAGAGATAG,AATGATACGGCGACCACCGAGATCTACACCGGTAAGTTTGTTGGTAGTGTTAGATGTGTATAAGAGATAG
7,TCTATGGG,TGCGAAGT,ATCTCGTATGCCGTCTTCTGCTTGTCTATGGGGTTTTGTGGGTTTGGAGATGTGTATAAGAGATAG,AATGATACGGCGACCACCGAGATCTACACTGCGAAGTTTGTTGGTAGTGTTAGATGTGTATAAGAGATAG
8,GAGGAAAC,TATCCCAG,ATCTCGTATGCCGTCTTCTGCTTGGAGGAAACGTTTTGTGGGTTTGGAGATGTGTATAAGAGATAG,AATGATACGGCGACCACCGAGATCTACACTATCCCAGTTGTTGGTAGTGTTAGATGTGTATAAGAGATAG
9,GTGACAAC,CCTTTCGT,ATCTCGTATGCCGTCTTCTGCTTGGTGACAACGTTTTGTGGGTTTGGAGATGTGTATAAGAGATAG,AATGATACGGCGACCACCGAGATCTACACCCTTTCGTTTGTTGGTAGTGTTAGATGTGTATAAGAGATAG
10,AACATCCG,GCATCCAT,ATCTCGTATGCCGTCTTCTGCTTGAACATCCGGTTTTGTGGGTTTGGAGATGTGTATAAGAGATAG,AATGATACGGCGACCACCGAGATCTACACGCATCCATTTGTTGGTAGTGTTAGATGTGTATAAGAGATAG
11,GATTTCCC,CAATTGCG,ATCTCGTATGCCGTCTTCTGCTTGGATTTCCCGTTTTGTGGGTTTGGAGATGTGTATAAGAGATAG,AATGATACGGCGACCACCGAGATCTACACCAATTGCGTTGTTGGTAGTGTTAGATGTGTATAAGAGATAG
12,GGCCATTA,TTACGTCC,ATCTCGTATGCCGTCTTCTGCTTGGGCCATTAGTTTTGTGGGTTTGGAGATGTGTATAAGAGATAG,AATGATACGGCGACCACCGAGATCTACACTTACGTCCTTGTTGGTAGTGTTAGATGTGTATAAGAGATAG
13,ACCTTGGT,GCTGAAAG,ATCTCGTATGCCGTCTTCTGCTTGACCTTGGTGTTTTGTGGGTTTGGAGATGTGTATAAGAGATAG,AATGATACGGCGACCACCGAGATCTACACGCTGAAAGTTGTTGGTAGTGTTAGATGTGTATAAGAGATAG
14,CTGGCATA,CCATAAGG,ATCTCGTATGCCGTCTTCTGCTTGCTGGCATAGTTTTGTGGGTTTGGAGATGTGTATAAGAGATAG,AATGATACGGCGACCACCGAGATCTACACCCATAAGGTTGTTGGTAGTGTTAGATGTGTATAAGAGATAG
15,GTAAACGG,CACCACTA,ATCTCGTATGCCGTCTTCTGCTTGGTAAACGGGTTTTGTGGGTTTGGAGATGTGTATAAGAGATAG,AATGATACGGCGACCACCGAGATCTACACCACCACTATTGTTGGTAGTGTTAGATGTGTATAAGAGATAG
16,TCAGGATG,CGCAGTAA,ATCTCGTATGCCGTCTTCTGCTTGTCAGGATGGTTTTGTGGGTTTGGAGATGTGTATAAGAGATAG,AATGATACGGCGACCACCGAGATCTACACCGCAGTAATTGTTGGTAGTGTTAGATGTGTATAAGAGATAG
17,CCTTGAAC,GGACTAAG,ATCTCGTATGCCGTCTTCTGCTTGCCTTGAACGTTTTGTGGGTTTGGAGATGTGTATAAGAGATAG,AATGATACGGCGACCACCGAGATCTACACGGACTAAGTTGTTGGTAGTGTTAGATGTGTATAAGAGATAG
18,AGTCGGAA,ATGTGGTG,ATCTCGTATGCCGTCTTCTGCTTGAGTCGGAAGTTTTGTGGGTTTGGAGATGTGTATAAGAGATAG,AATGATACGGCGACCACCGAGATCTACACATGTGGTGTTGTTGGTAGTGTTAGATGTGTATAAGAGATAG
19,GTAGCTCT,AGCTTTGG,ATCTCGTATGCCGTCTTCTGCTTGGTAGCTCTGTTTTGTGGGTTTGGAGATGTGTATAAGAGATAG,AATGATACGGCGACCACCGAGATCTACACAGCTTTGGTTGTTGGTAGTGTTAGATGTGTATAAGAGATAG
20,CCAAGGAA,CGAGTCAT,ATCTCGTATGCCGTCTTCTGCTTGCCAAGGAAGTTTTGTGGGTTTGGAGATGTGTATAAGAGATAG,AATGATACGGCGACCACCGAGATCTACACCGAGTCATTTGTTGGTAGTGTTAGATGTGTATAAGAGATAG
21,ACCTCGAA,CAATCCGT,ATCTCGTATGCCGTCTTCTGCTTGACCTCGAAGTTTTGTGGGTTTGGAGATGTGTATAAGAGATAG,AATGATACGGCGACCACCGAGATCTACACCAATCCGTTTGTTGGTAGTGTTAGATGTGTATAAGAGATAG
22,CCTCAAGA,GCGTAATG,ATCTCGTATGCCGTCTTCTGCTTGCCTCAAGAGTTTTGTGGGTTTGGAGATGTGTATAAGAGATAG,AATGATACGGCGACCACCGAGATCTACACGCGTAATGTTGTTGGTAGTGTTAGATGTGTATAAGAGATAG
23,GGGAAGAT,CGTTGTAG,ATCTCGTATGCCGTCTTCTGCTTGGGGAAGATGTTTTGTGGGTTTGGAGATGTGTATAAGAGATAG,AATGATACGGCGACCACCGAGATCTACACCGTTGTAGTTGTTGGTAGTGTTAGATGTGTATAAGAGATAG
24,TTCGAGAC,GATCCAGA,ATCTCGTATGCCGTCTTCTGCTTGTTCGAGACGTTTTGTGGGTTTGGAGATGTGTATAAGAGATAG,AATGATACGGCGACCACCGAGATCTACACGATCCAGATTGTTGGTAGTGTTAGATGTGTATAAGAGATAG
25,CTTGGAGA,ACAGCTTG,ATCTCGTATGCCGTCTTCTGCTTGCTTGGAGAGTTTTGTGGGTTTGGAGATGTGTATAAGAGATAG,AATGATACGGCGACCACCGAGATCTACACACAGCTTGTTGTTGGTAGTGTTAGATGTGTATAAGAGATAG
26,GTTAGGAC,CCGAATTG,ATCTCGTATGCCGTCTTCTGCTTGGTTAGGACGTTTTGTGGGTTTGGAGATGTGTATAAGAGATAG,AATGATACGGCGACCACCGAGATCTACACCCGAATTGTTGTTGGTAGTGTTAGATGTGTATAAGAGATAG
27,CCAAGATC,CAGGTCTA,ATCTCGTATGCCGTCTTCTGCTTGCCAAGATCGTTTTGTGGGTTTGGAGATGTGTATAAGAGATAG,AATGATACGGCGACCACCGAGATCTACACCAGGTCTATTGTTGGTAGTGTTAGATGTGTATAAGAGATAG
28,ATGCCTGA,CTGCGAAA,ATCTCGTATGCCGTCTTCTGCTTGATGCCTGAGTTTTGTGGGTTTGGAGATGTGTATAAGAGATAG,AATGATACGGCGACCACCGAGATCTACACCTGCGAAATTGTTGGTAGTGTTAGATGTGTATAAGAGATAG
29,ATTGAGGC,TTTCGGTG,ATCTCGTATGCCGTCTTCTGCTTGATTGAGGCGTTTTGTGGGTTTGGAGATGTGTATAAGAGATAG,AATGATACGGCGACCACCGAGATCTACACTTTCGGTGTTGTTGGTAGTGTTAGATGTGTATAAGAGATAG
30,GGGTTGTA,CAACGTGT,ATCTCGTATGCCGTCTTCTGCTTGGGGTTGTAGTTTTGTGGGTTTGGAGATGTGTATAAGAGATAG,AATGATACGGCGACCACCGAGATCTACACCAACGTGTTTGTTGGTAGTGTTAGATGTGTATAAGAGATAG
31,CGCCTAAT,GCACGAAA,ATCTCGTATGCCGTCTTCTGCTTGCGCCTAATGTTTTGTGGGTTTGGAGATGTGTATAAGAGATAG,AATGATACGGCGACCACCGAGATCTACACGCACGAAATTGTTGGTAGTGTTAGATGTGTATAAGAGATAG
32,CATGAGCA,GTGTCCTA,ATCTCGTATGCCGTCTTCTGCTTGCATGAGCAGTTTTGTGGGTTTGGAGATGTGTATAAGAGATAG,AATGATACGGCGACCACCGAGATCTACACGTGTCCTATTGTTGGTAGTGTTAGATGTGTATAAGAGATAG
33,ACGGTATC,AGATAGCC,ATCTCGTATGCCGTCTTCTGCTTGACGGTATCGTTTTGTGGGTTTGGAGATGTGTATAAGAGATAG,AATGATACGGCGACCACCGAGATCTACACAGATAGCCTTGTTGGTAGTGTTAGATGTGTATAAGAGATAG
34,GAACGTAC,AGAGGGAT,ATCTCGTATGCCGTCTTCTGCTTGGAACGTACGTTTTGTGGGTTTGGAGATGTGTATAAGAGATAG,AATGATACGGCGACCACCGAGATCTACACAGAGGGATTTGTTGGTAGTGTTAGATGTGTATAAGAGATAG
35,GTTCCACT,GCCAAACA,ATCTCGTATGCCGTCTTCTGCTTGGTTCCACTGTTTTGTGGGTTTGGAGATGTGTATAAGAGATAG,AATGATACGGCGACCACCGAGATCTACACGCCAAACATTGTTGGTAGTGTTAGATGTGTATAAGAGATAG
36,CTCAACTC,TAGGACGA,ATCTCGTATGCCGTCTTCTGCTTGCTCAACTCGTTTTGTGGGTTTGGAGATGTGTATAAGAGATAG,AATGATACGGCGACCACCGAGATCTACACTAGGACGATTGTTGGTAGTGTTAGATGTGTATAAGAGATAG
37,AGGTCAAC,TTCTCACC,ATCTCGTATGCCGTCTTCTGCTTGAGGTCAACGTTTTGTGGGTTTGGAGATGTGTATAAGAGATAG,AATGATACGGCGACCACCGAGATCTACACTTCTCACCTTGTTGGTAGTGTTAGATGTGTATAAGAGATAG
38,TAGACAGC,TCTCCTCT,ATCTCGTATGCCGTCTTCTGCTTGTAGACAGCGTTTTGTGGGTTTGGAGATGTGTATAAGAGATAG,AATGATACGGCGACCACCGAGATCTACACTCTCCTCTTTGTTGGTAGTGTTAGATGTGTATAAGAGATAG
39,TCTGGCTT,ACGAGAAC,ATCTCGTATGCCGTCTTCTGCTTGTCTGGCTTGTTTTGTGGGTTTGGAGATGTGTATAAGAGATAG,AATGATACGGCGACCACCGAGATCTACACACGAGAACTTGTTGGTAGTGTTAGATGTGTATAAGAGATAG
40,CAGCTAGT,CGCATTTG,ATCTCGTATGCCGTCTTCTGCTTGCAGCTAGTGTTTTGTGGGTTTGGAGATGTGTATAAGAGATAG,AATGATACGGCGACCACCGAGATCTACACCGCATTTGTTGTTGGTAGTGTTAGATGTGTATAAGAGATAG
41,GACCAAAG,TCAATCCC,ATCTCGTATGCCGTCTTCTGCTTGGACCAAAGGTTTTGTGGGTTTGGAGATGTGTATAAGAGATAG,AATGATACGGCGACCACCGAGATCTACACTCAATCCCTTGTTGGTAGTGTTAGATGTGTATAAGAGATAG
42,ACCAATCG,CAGCATAC,ATCTCGTATGCCGTCTTCTGCTTGACCAATCGGTTTTGTGGGTTTGGAGATGTGTATAAGAGATAG,AATGATACGGCGACCACCGAGATCTACACCAGCATACTTGTTGGTAGTGTTAGATGTGTATAAGAGATAG
43,TTGTACCC,CTACACCA,ATCTCGTATGCCGTCTTCTGCTTGTTGTACCCGTTTTGTGGGTTTGGAGATGTGTATAAGAGATAG,AATGATACGGCGACCACCGAGATCTACACCTACACCATTGTTGGTAGTGTTAGATGTGTATAAGAGATAG
44,TCAGACGT,CTTCAGGT,ATCTCGTATGCCGTCTTCTGCTTGTCAGACGTGTTTTGTGGGTTTGGAGATGTGTATAAGAGATAG,AATGATACGGCGACCACCGAGATCTACACCTTCAGGTTTGTTGGTAGTGTTAGATGTGTATAAGAGATAG
45,CGAGATAG,AGACCATC,ATCTCGTATGCCGTCTTCTGCTTGCGAGATAGGTTTTGTGGGTTTGGAGATGTGTATAAGAGATAG,AATGATACGGCGACCACCGAGATCTACACAGACCATCTTGTTGGTAGTGTTAGATGTGTATAAGAGATAG
46,CAACAGAG,ATCCTCAC,ATCTCGTATGCCGTCTTCTGCTTGCAACAGAGGTTTTGTGGGTTTGGAGATGTGTATAAGAGATAG,AATGATACGGCGACCACCGAGATCTACACATCCTCACTTGTTGGTAGTGTTAGATGTGTATAAGAGATAG
47,CTCGTAAC,GGCAATAG,ATCTCGTATGCCGTCTTCTGCTTGCTCGTAACGTTTTGTGGGTTTGGAGATGTGTATAAGAGATAG,AATGATACGGCGACCACCGAGATCTACACGGCAATAGTTGTTGGTAGTGTTAGATGTGTATAAGAGATAG
48,TAGCCACA,ACTCTGCA,ATCTCGTATGCCGTCTTCTGCTTGTAGCCACAGTTTTGTGGGTTTGGAGATGTGTATAAGAGATAG,AATGATACGGCGACCACCGAGATCTACACACTCTGCATTGTTGGTAGTGTTAGATGTGTATAAGAGATAG
49,AGGGTAGT,TCCCTTGT,ATCTCGTATGCCGTCTTCTGCTTGAGGGTAGTGTTTTGTGGGTTTGGAGATGTGTATAAGAGATAG,AATGATACGGCGACCACCGAGATCTACACTCCCTTGTTTGTTGGTAGTGTTAGATGTGTATAAGAGATAG
50,AAACTGGG,AGGATGAG,ATCTCGTATGCCGTCTTCTGCTTGAAACTGGGGTTTTGTGGGTTTGGAGATGTGTATAAGAGATAG,AATGATACGGCGACCACCGAGATCTACACAGGATGAGTTGTTGGTAGTGTTAGATGTGTATAAGAGATAG
51,CACAAGGT,GGAGAACT,ATCTCGTATGCCGTCTTCTGCTTGCACAAGGTGTTTTGTGGGTTTGGAGATGTGTATAAGAGATAG,AATGATACGGCGACCACCGAGATCTACACGGAGAACTTTGTTGGTAGTGTTAGATGTGTATAAGAGATAG
52,TGATCCTG,GCATGTAG,ATCTCGTATGCCGTCTTCTGCTTGTGATCCTGGTTTTGTGGGTTTGGAGATGTGTATAAGAGATAG,AATGATACGGCGACCACCGAGATCTACACGCATGTAGTTGTTGGTAGTGTTAGATGTGTATAAGAGATAG
53,AGGGAAAG,CACTCTAC,ATCTCGTATGCCGTCTTCTGCTTGAGGGAAAGGTTTTGTGGGTTTGGAGATGTGTATAAGAGATAG,AATGATACGGCGACCACCGAGATCTACACCACTCTACTTGTTGGTAGTGTTAGATGTGTATAAGAGATAG
54,CTATGGAC,GTGTTGGT,ATCTCGTATGCCGTCTTCTGCTTGCTATGGACGTTTTGTGGGTTTGGAGATGTGTATAAGAGATAG,AATGATACGGCGACCACCGAGATCTACACGTGTTGGTTTGTTGGTAGTGTTAGATGTGTATAAGAGATAG
55,GTCCTAGT,GACAGCAT,ATCTCGTATGCCGTCTTCTGCTTGGTCCTAGTGTTTTGTGGGTTTGGAGATGTGTATAAGAGATAG,AATGATACGGCGACCACCGAGATCTACACGACAGCATTTGTTGGTAGTGTTAGATGTGTATAAGAGATAG
56,TCGCCTTA,GAAACCTG,ATCTCGTATGCCGTCTTCTGCTTGTCGCCTTAGTTTTGTGGGTTTGGAGATGTGTATAAGAGATAG,AATGATACGGCGACCACCGAGATCTACACGAAACCTGTTGTTGGTAGTGTTAGATGTGTATAAGAGATAG
57,CGTTACCA,GCCTGTTA,ATCTCGTATGCCGTCTTCTGCTTGCGTTACCAGTTTTGTGGGTTTGGAGATGTGTATAAGAGATAG,AATGATACGGCGACCACCGAGATCTACACGCCTGTTATTGTTGGTAGTGTTAGATGTGTATAAGAGATAG
58,TTCTCGGA,GGTTTGCT,ATCTCGTATGCCGTCTTCTGCTTGTTCTCGGAGTTTTGTGGGTTTGGAGATGTGTATAAGAGATAG,AATGATACGGCGACCACCGAGATCTACACGGTTTGCTTTGTTGGTAGTGTTAGATGTGTATAAGAGATAG
59,ACCGAACT,TCCGTTTG,ATCTCGTATGCCGTCTTCTGCTTGACCGAACTGTTTTGTGGGTTTGGAGATGTGTATAAGAGATAG,AATGATACGGCGACCACCGAGATCTACACTCCGTTTGTTGTTGGTAGTGTTAGATGTGTATAAGAGATAG
60,ACTAGGCT,GTTCATGG,ATCTCGTATGCCGTCTTCTGCTTGACTAGGCTGTTTTGTGGGTTTGGAGATGTGTATAAGAGATAG,AATGATACGGCGACCACCGAGATCTACACGTTCATGGTTGTTGGTAGTGTTAGATGTGTATAAGAGATAG
61,TAGCAGTG,TATCAGCC,ATCTCGTATGCCGTCTTCTGCTTGTAGCAGTGGTTTTGTGGGTTTGGAGATGTGTATAAGAGATAG,AATGATACGGCGACCACCGAGATCTACACTATCAGCCTTGTTGGTAGTGTTAGATGTGTATAAGAGATAG
62,TCCTTCCT,AACTAGCG,ATCTCGTATGCCGTCTTCTGCTTGTCCTTCCTGTTTTGTGGGTTTGGAGATGTGTATAAGAGATAG,AATGATACGGCGACCACCGAGATCTACACAACTAGCGTTGTTGGTAGTGTTAGATGTGTATAAGAGATAG
63,ATCGGGTT,TTTCTGGC,ATCTCGTATGCCGTCTTCTGCTTGATCGGGTTGTTTTGTGGGTTTGGAGATGTGTATAAGAGATAG,AATGATACGGCGACCACCGAGATCTACACTTTCTGGCTTGTTGGTAGTGTTAGATGTGTATAAGAGATAG
64,ATCCAGCT,AGGGTTTG,ATCTCGTATGCCGTCTTCTGCTTGATCCAGCTGTTTTGTGGGTTTGGAGATGTGTATAAGAGATAG,AATGATACGGCGACCACCGAGATCTACACAGGGTTTGTTGTTGGTAGTGTTAGATGTGTATAAGAGATAG
65,ATGCTAGC,GGATTACC,ATCTCGTATGCCGTCTTCTGCTTGATGCTAGCGTTTTGTGGGTTTGGAGATGTGTATAAGAGATAG,AATGATACGGCGACCACCGAGATCTACACGGATTACCTTGTTGGTAGTGTTAGATGTGTATAAGAGATAG
66,GGATGTCT,GGTGCAAA,ATCTCGTATGCCGTCTTCTGCTTGGGATGTCTGTTTTGTGGGTTTGGAGATGTGTATAAGAGATAG,AATGATACGGCGACCACCGAGATCTACACGGTGCAAATTGTTGGTAGTGTTAGATGTGTATAAGAGATAG
67,AGAACGTG,CAGTACTC,ATCTCGTATGCCGTCTTCTGCTTGAGAACGTGGTTTTGTGGGTTTGGAGATGTGTATAAGAGATAG,AATGATACGGCGACCACCGAGATCTACACCAGTACTCTTGTTGGTAGTGTTAGATGTGTATAAGAGATAG
68,TGTTACGC,CTTGCGAT,ATCTCGTATGCCGTCTTCTGCTTGTGTTACGCGTTTTGTGGGTTTGGAGATGTGTATAAGAGATAG,AATGATACGGCGACCACCGAGATCTACACCTTGCGATTTGTTGGTAGTGTTAGATGTGTATAAGAGATAG
69,ACTCCTAG,TAAACGCC,ATCTCGTATGCCGTCTTCTGCTTGACTCCTAGGTTTTGTGGGTTTGGAGATGTGTATAAGAGATAG,AATGATACGGCGACCACCGAGATCTACACTAAACGCCTTGTTGGTAGTGTTAGATGTGTATAAGAGATAG
70,TGACCCAA,GGGAGAAA,ATCTCGTATGCCGTCTTCTGCTTGTGACCCAAGTTTTGTGGGTTTGGAGATGTGTATAAGAGATAG,AATGATACGGCGACCACCGAGATCTACACGGGAGAAATTGTTGGTAGTGTTAGATGTGTATAAGAGATAG
71,GTCTTCAG,CACTTGTC,ATCTCGTATGCCGTCTTCTGCTTGGTCTTCAGGTTTTGTGGGTTTGGAGATGTGTATAAGAGATAG,AATGATACGGCGACCACCGAGATCTACACCACTTGTCTTGTTGGTAGTGTTAGATGTGTATAAGAGATAG
72,ACTTCCAC,GTGGTATG,ATCTCGTATGCCGTCTTCTGCTTGACTTCCACGTTTTGTGGGTTTGGAGATGTGTATAAGAGATAG,AATGATACGGCGACCACCGAGATCTACACGTGGTATGTTGTTGGTAGTGTTAGATGTGTATAAGAGATAG
73,TGAAGGGA,GTCGTACA,ATCTCGTATGCCGTCTTCTGCTTGTGAAGGGAGTTTTGTGGGTTTGGAGATGTGTATAAGAGATAG,AATGATACGGCGACCACCGAGATCTACACGTCGTACATTGTTGGTAGTGTTAGATGTGTATAAGAGATAG
74,TGTGCTGA,TAACGCTG,ATCTCGTATGCCGTCTTCTGCTTGTGTGCTGAGTTTTGTGGGTTTGGAGATGTGTATAAGAGATAG,AATGATACGGCGACCACCGAGATCTACACTAACGCTGTTGTTGGTAGTGTTAGATGTGTATAAGAGATAG
75,TCATCGCT,AAGCTTCC,ATCTCGTATGCCGTCTTCTGCTTGTCATCGCTGTTTTGTGGGTTTGGAGATGTGTATAAGAGATAG,AATGATACGGCGACCACCGAGATCTACACAAGCTTCCTTGTTGGTAGTGTTAGATGTGTATAAGAGATAG
76,ACATGCGA,GGTGTTCA,ATCTCGTATGCCGTCTTCTGCTTGACATGCGAGTTTTGTGGGTTTGGAGATGTGTATAAGAGATAG,AATGATACGGCGACCACCGAGATCTACACGGTGTTCATTGTTGGTAGTGTTAGATGTGTATAAGAGATAG
77,AATTCCGG,GATCTGTC,ATCTCGTATGCCGTCTTCTGCTTGAATTCCGGGTTTTGTGGGTTTGGAGATGTGTATAAGAGATAG,AATGATACGGCGACCACCGAGATCTACACGATCTGTCTTGTTGGTAGTGTTAGATGTGTATAAGAGATAG
78,ACACACCT,ATCGGTAG,ATCTCGTATGCCGTCTTCTGCTTGACACACCTGTTTTGTGGGTTTGGAGATGTGTATAAGAGATAG,AATGATACGGCGACCACCGAGATCTACACATCGGTAGTTGTTGGTAGTGTTAGATGTGTATAAGAGATAG
79,GCATCTGA,GTCGCAAT,ATCTCGTATGCCGTCTTCTGCTTGGCATCTGAGTTTTGTGGGTTTGGAGATGTGTATAAGAGATAG,AATGATACGGCGACCACCGAGATCTACACGTCGCAATTTGTTGGTAGTGTTAGATGTGTATAAGAGATAG
80,TGTTTCCG,GTATTCGC,ATCTCGTATGCCGTCTTCTGCTTGTGTTTCCGGTTTTGTGGGTTTGGAGATGTGTATAAGAGATAG,AATGATACGGCGACCACCGAGATCTACACGTATTCGCTTGTTGGTAGTGTTAGATGTGTATAAGAGATAG
81,CAAAGCAC,GTACCTTC,ATCTCGTATGCCGTCTTCTGCTTGCAAAGCACGTTTTGTGGGTTTGGAGATGTGTATAAGAGATAG,AATGATACGGCGACCACCGAGATCTACACGTACCTTCTTGTTGGTAGTGTTAGATGTGTATAAGAGATAG
82,ATCGTCCT,GTGAACCT,ATCTCGTATGCCGTCTTCTGCTTGATCGTCCTGTTTTGTGGGTTTGGAGATGTGTATAAGAGATAG,AATGATACGGCGACCACCGAGATCTACACGTGAACCTTTGTTGGTAGTGTTAGATGTGTATAAGAGATAG
83,TATGCTCG,TAGTGGAG,ATCTCGTATGCCGTCTTCTGCTTGTATGCTCGGTTTTGTGGGTTTGGAGATGTGTATAAGAGATAG,AATGATACGGCGACCACCGAGATCTACACTAGTGGAGTTGTTGGTAGTGTTAGATGTGTATAAGAGATAG
84,CTAACTGG,TTACCGGT,ATCTCGTATGCCGTCTTCTGCTTGCTAACTGGGTTTTGTGGGTTTGGAGATGTGTATAAGAGATAG,AATGATACGGCGACCACCGAGATCTACACTTACCGGTTTGTTGGTAGTGTTAGATGTGTATAAGAGATAG
85,CCGTATCT,CTCATGAG,ATCTCGTATGCCGTCTTCTGCTTGCCGTATCTGTTTTGTGGGTTTGGAGATGTGTATAAGAGATAG,AATGATACGGCGACCACCGAGATCTACACCTCATGAGTTGTTGGTAGTGTTAGATGTGTATAAGAGATAG
86,TGCATCAG,GGAAAGTC,ATCTCGTATGCCGTCTTCTGCTTGTGCATCAGGTTTTGTGGGTTTGGAGATGTGTATAAGAGATAG,AATGATACGGCGACCACCGAGATCTACACGGAAAGTCTTGTTGGTAGTGTTAGATGTGTATAAGAGATAG
87,AGCCTCTA,TAGAACCG,ATCTCGTATGCCGTCTTCTGCTTGAGCCTCTAGTTTTGTGGGTTTGGAGATGTGTATAAGAGATAG,AATGATACGGCGACCACCGAGATCTACACTAGAACCGTTGTTGGTAGTGTTAGATGTGTATAAGAGATAG
88,TGATGTGC,AGGACCAA,ATCTCGTATGCCGTCTTCTGCTTGTGATGTGCGTTTTGTGGGTTTGGAGATGTGTATAAGAGATAG,AATGATACGGCGACCACCGAGATCTACACAGGACCAATTGTTGGTAGTGTTAGATGTGTATAAGAGATAG
89,GAGGCTTT,CCTGGTAA,ATCTCGTATGCCGTCTTCTGCTTGGAGGCTTTGTTTTGTGGGTTTGGAGATGTGTATAAGAGATAG,AATGATACGGCGACCACCGAGATCTACACCCTGGTAATTGTTGGTAGTGTTAGATGTGTATAAGAGATAG
90,GTCTATGC,ATCACGGT,ATCTCGTATGCCGTCTTCTGCTTGGTCTATGCGTTTTGTGGGTTTGGAGATGTGTATAAGAGATAG,AATGATACGGCGACCACCGAGATCTACACATCACGGTTTGTTGGTAGTGTTAGATGTGTATAAGAGATAG
91,GTTGTCGT,GCACAGTA,ATCTCGTATGCCGTCTTCTGCTTGGTTGTCGTGTTTTGTGGGTTTGGAGATGTGTATAAGAGATAG,AATGATACGGCGACCACCGAGATCTACACGCACAGTATTGTTGGTAGTGTTAGATGTGTATAAGAGATAG
92,GCCATATG,CTAGAGGA,ATCTCGTATGCCGTCTTCTGCTTGGCCATATGGTTTTGTGGGTTTGGAGATGTGTATAAGAGATAG,AATGATACGGCGACCACCGAGATCTACACCTAGAGGATTGTTGGTAGTGTTAGATGTGTATAAGAGATAG
93,AAACCGAC,CGTAATCC,ATCTCGTATGCCGTCTTCTGCTTGAAACCGACGTTTTGTGGGTTTGGAGATGTGTATAAGAGATAG,AATGATACGGCGACCACCGAGATCTACACCGTAATCCTTGTTGGTAGTGTTAGATGTGTATAAGAGATAG
94,GCTGTGAA,CCCGATAT,ATCTCGTATGCCGTCTTCTGCTTGGCTGTGAAGTTTTGTGGGTTTGGAGATGTGTATAAGAGATAG,AATGATACGGCGACCACCGAGATCTACACCCCGATATTTGTTGGTAGTGTTAGATGTGTATAAGAGATAG
95,TGTCTCTC,TGGTCAGA,ATCTCGTATGCCGTCTTCTGCTTGTGTCTCTCGTTTTGTGGGTTTGGAGATGTGTATAAGAGATAG,AATGATACGGCGACCACCGAGATCTACACTGGTCAGATTGTTGGTAGTGTTAGATGTGTATAAGAGATAG