,0,len
DNAJB1_c.558C>A_LHS,GCAACGACTCCACACTCATACCTTGGCACCCGAGAATTCCATTCCGTCGGGGTTTAGCCGCTTGTG,66
DNAJB1_c.558C>A_RHS,/5Phos/GATTTTCATCTTCTTGGTACAGCCGACGCGGTTAGCACGTANNATACGTCACGGTCCTAGCAA,70
DNAJB1_c.558C>A_padlock,/5Phos/GATTTTCATCTTCTTGGTACAGCCGACGCGGTTAGCACGTANNATACGTCACGGTCCTAGCAAGCAACGACTCCACACTCATACCTTGGCACCCGAGAATTCCATTCCGTCGGGGTTTAGCCGCTTGTG,136
DNAJB1_c.558C>A_target_LHS_mut,TTCCGTCGGGGTTTAGCCGCTTGTGT,26
DNAJB1_c.558C>A_target_LHS_ref,TTCCGTCGGGGTTTAGCCGCTTGTGG,26
DNAJB1_c.558C>A_target_RHS,GAGATTTTCATCTTCTTGGTACAGCCG,27
FGFR1_c.719G>A_LHS,GCAACGACTCCACACTCATACCTTGGCACCCGAGAATTCCACATTATGATGCTCCAGGTGGCATAA,66
FGFR1_c.719G>A_RHS,/5Phos/ACCTTGTAGCCTCCAATTCTGTGGTACGCGGTTAGCACGTANNATACGTCACGGTCCTAGCAA,70
FGFR1_c.719G>A_padlock,/5Phos/ACCTTGTAGCCTCCAATTCTGTGGTACGCGGTTAGCACGTANNATACGTCACGGTCCTAGCAAGCAACGACTCCACACTCATACCTTGGCACCCGAGAATTCCACATTATGATGCTCCAGGTGGCATAA,136
FGFR1_c.719G>A_target_LHS_mut,CATTATGATGCTCCAGGTGGCATAAT,26
FGFR1_c.719G>A_target_LHS_ref,CATTATGATGCTCCAGGTGGCATAAC,26
FGFR1_c.719G>A_target_RHS,GGACCTTGTAGCCTCCAATTCTGTGGT,27
KRAS_c.34G>T_LHS,GCAACGACTCCACACTCATACCTTGGCACCCGAGAATTCCAGTCAAGGCACTCTTGCCTACGCCAC,66
KRAS_c.34G>T_RHS,/5Phos/CTCCAACTACCACAAGTTTATATTCACGCGGTTAGCACGTANNATACGTCACGGTCCTAGCAA,70
KRAS_c.34G>T_padlock,/5Phos/CTCCAACTACCACAAGTTTATATTCACGCGGTTAGCACGTANNATACGTCACGGTCCTAGCAAGCAACGACTCCACACTCATACCTTGGCACCCGAGAATTCCAGTCAAGGCACTCTTGCCTACGCCAC,136
KRAS_c.34G>T_target_LHS_mut,GTCAAGGCACTCTTGCCTACGCCACA,26
KRAS_c.34G>T_target_LHS_ref,GTCAAGGCACTCTTGCCTACGCCACC,26
KRAS_c.34G>T_target_RHS,AGCTCCAACTACCACAAGTTTATATTC,27
PTPRC_c.2306T>A_LHS,GCAACGACTCCACACTCATACCTTGGCACCCGAGAATTCCATCCAAAAGCCCGAGTGCCCTCTTCC,66
PTPRC_c.2306T>A_RHS,/5Phos/GACGGCCAGTATTCTGCACACTTGTACGCGGTTAGCACGTANNATACGTCACGGTCCTAGCAA,70
PTPRC_c.2306T>A_padlock,/5Phos/GACGGCCAGTATTCTGCACACTTGTACGCGGTTAGCACGTANNATACGTCACGGTCCTAGCAAGCAACGACTCCACACTCATACCTTGGCACCCGAGAATTCCATCCAAAAGCCCGAGTGCCCTCTTCC,136
PTPRC_c.2306T>A_target_LHS_mut,TCCAAAAGCCCGAGTGCCCTCTTCCT,26
PTPRC_c.2306T>A_target_LHS_ref,TCCAAAAGCCCGAGTGCCCTCTTCCA,26
PTPRC_c.2306T>A_target_RHS,TTGACGGCCAGTATTCTGCACACTTGT,27
TP63_c.1090G>A_LHS,GCAACGACTCCACACTCATACCTTGGCACCCGAGAATTCCATCACCGTTCTTTGTACTGTCCGAAA,66
TP63_c.1090G>A_RHS,/5Phos/GCTGCTTTCTGATGCTATCTTCATCACGCGGTTAGCACGTANNATACGTCACGGTCCTAGCAA,70
TP63_c.1090G>A_padlock,/5Phos/GCTGCTTTCTGATGCTATCTTCATCACGCGGTTAGCACGTANNATACGTCACGGTCCTAGCAAGCAACGACTCCACACTCATACCTTGGCACCCGAGAATTCCATCACCGTTCTTTGTACTGTCCGAAA,136
TP63_c.1090G>A_target_LHS_mut,TCACCGTTCTTTGTACTGTCCGAAAT,26
TP63_c.1090G>A_target_LHS_ref,TCACCGTTCTTTGTACTGTCCGAAAC,26
TP63_c.1090G>A_target_RHS,TTGCTGCTTTCTGATGCTATCTTCATC,27
