name,seq,len,Shared with
ddLHS_DNAJB1_c.558C>A,GCAACGACTCCACACTCATACCTTGGCACCCGAGAATTCCATCCGTCGGGGTTTAGCCGCTTGTG,65,
ddLHS_FGFR1_c.719G>A,GCAACGACTCCACACTCATACCTTGGCACCCGAGAATTCCAATTATGATGCTCCAGGTGGCATAA,65,
ddLHS_KRAS_c.34G>T,GCAACGACTCCACACTCATACCTTGGCACCCGAGAATTCCATCAAGGCACTCTTGCCTACGCCAC,65,
ddLHS_PTPRC_c.2306T>A,GCAACGACTCCACACTCATACCTTGGCACCCGAGAATTCCACCAAAAGCCCGAGTGCCCTCTTCC,65,
ddLHS_TP63_c.1090G>A,GCAACGACTCCACACTCATACCTTGGCACCCGAGAATTCCACACCGTTCTTTGTACTGTCCGAAA,65,
ddRHS_DNAJB1_c.558C>A,/5Phos/GAGATTTTCATCTTCTTGGTACAGCACGCGGTTAGCACGTANNATACGTCACGGTCCTAGCAA,70,RHS_DNAJB1_c.558C>A
ddRHS_FGFR1_c.719G>A,/5Phos/GGACCTTGTAGCCTCCAATTCTGTGACGCGGTTAGCACGTANNATACGTCACGGTCCTAGCAA,70,RHS_FGFR1_c.719G>A
ddRHS_KRAS_c.34G>T,/5Phos/AGCTCCAACTACCACAAGTTTATATACGCGGTTAGCACGTANNATACGTCACGGTCCTAGCAA,70,RHS_KRAS_c.34G>T
ddRHS_PTPRC_c.2306T>A,/5Phos/TTGACGGCCAGTATTCTGCACACTTACGCGGTTAGCACGTANNATACGTCACGGTCCTAGCAA,70,RHS_PTPRC_c.2306T>A
ddRHS_TP63_c.1090G>A,/5Phos/TTGCTGCTTTCTGATGCTATCTTCAACGCGGTTAGCACGTANNATACGTCACGGTCCTAGCAA,70,RHS_TP63_c.1090G>A
ddpadlock_DNAJB1_c.558C>A,/5Phos/GAGATTTTCATCTTCTTGGTACAGCACGCGGTTAGCACGTANNATACGTCACGGTCCTAGCAAGCAACGACTCCACACTCATACCTTGGCACCCGAGAATTCCATCCGTCGGGGTTTAGCCGCTTGTG,135,
ddpadlock_FGFR1_c.719G>A,/5Phos/GGACCTTGTAGCCTCCAATTCTGTGACGCGGTTAGCACGTANNATACGTCACGGTCCTAGCAAGCAACGACTCCACACTCATACCTTGGCACCCGAGAATTCCAATTATGATGCTCCAGGTGGCATAA,135,
ddpadlock_KRAS_c.34G>T,/5Phos/AGCTCCAACTACCACAAGTTTATATACGCGGTTAGCACGTANNATACGTCACGGTCCTAGCAAGCAACGACTCCACACTCATACCTTGGCACCCGAGAATTCCATCAAGGCACTCTTGCCTACGCCAC,135,
ddpadlock_PTPRC_c.2306T>A,/5Phos/TTGACGGCCAGTATTCTGCACACTTACGCGGTTAGCACGTANNATACGTCACGGTCCTAGCAAGCAACGACTCCACACTCATACCTTGGCACCCGAGAATTCCACCAAAAGCCCGAGTGCCCTCTTCC,135,
ddpadlock_TP63_c.1090G>A,/5Phos/TTGCTGCTTTCTGATGCTATCTTCAACGCGGTTAGCACGTANNATACGTCACGGTCCTAGCAAGCAACGACTCCACACTCATACCTTGGCACCCGAGAATTCCACACCGTTCTTTGTACTGTCCGAAA,135,