,0,
DNAJB1_c.558C>A_wt,TCCGTCGGGGTTTAGCCGCTTGTGGGAGATTTTCATCTTCTTGGTACAGC,x558CAw
DNAJB1_c.558C>A_mt,CCGTCGGGGTTTAGCCGCTTGTGGTGAGATTTTCATCTTCTTGGTACAGC,x558CAm
FGFR1_c.719G>A_wt,ATTATGATGCTCCAGGTGGCATAACGGACCTTGTAGCCTCCAATTCTGTG,x719GAw
FGFR1_c.719G>A_mt,TTATGATGCTCCAGGTGGCATAACTGGACCTTGTAGCCTCCAATTCTGTG,x719GAm
KRAS_c.34G>T_wt,TCAAGGCACTCTTGCCTACGCCACCAGCTCCAACTACCACAAGTTTATAT,xx34GTw
KRAS_c.34G>T_mt,CAAGGCACTCTTGCCTACGCCACCAAGCTCCAACTACCACAAGTTTATAT,xx34GTm
PTPRC_c.2306T>A_wt,CCAAAAGCCCGAGTGCCCTCTTCCATTGACGGCCAGTATTCTGCACACTT,2306TAw
PTPRC_c.2306T>A_mt,CAAAAGCCCGAGTGCCCTCTTCCATTTGACGGCCAGTATTCTGCACACTT,2306TAm
TP63_c.1090G>A_wt,CACCGTTCTTTGTACTGTCCGAAACTTGCTGCTTTCTGATGCTATCTTCA,1090GAw
TP63_c.1090G>A_mt,ACCGTTCTTTGTACTGTCCGAAACTTTGCTGCTTTCTGATGCTATCTTCA,1090GAm